{"cameraMode":{"drawMode":0,"name":"Shaded","section":"Shading Mode"},"sceneLighting":true,"audioPlay":false,"sceneViewState":{"showFog":true,"showMaterialUpdate":false,"showSkybox":true,"showFlares":true,"showImageEffects":true,"showParticleSystems":true},"in2DMode":false,"pivot":{"x":0.829336404800415,"y":0.7323815822601318,"z":-4.737624645233154},"rotation":{"x":-0.07579570263624191,"y":0.15549825131893159,"z":-0.011965928599238396,"w":-0.9848541617393494},"size":22.390024185180665,"orthographic":false}